epoch,train_loss,class_0_auroc,class_0_sensitivity,class_0_specificity,class_0_f1,class_0_accuracy,class_1_auroc,class_1_sensitivity,class_1_specificity,class_1_f1,class_1_accuracy,class_2_auroc,class_2_sensitivity,class_2_specificity,class_2_f1,class_2_accuracy,class_3_auroc,class_3_sensitivity,class_3_specificity,class_3_f1,class_3_accuracy,class_4_auroc,class_4_sensitivity,class_4_specificity,class_4_f1,class_4_accuracy,class_5_auroc,class_5_sensitivity,class_5_specificity,class_5_f1,class_5_accuracy,class_6_auroc,class_6_sensitivity,class_6_specificity,class_6_f1,class_6_accuracy,macro_auroc,macro_f1,val_loss
0,1.0832992426053745,0.6524611587048061,0.056338028169014086,0.9690721649484536,0.09876543209876543,0.7245283018867924,0.4997860504920839,0.0,1.0,0.0,0.9283018867924528,0.7156011575901079,0.0,1.0,0.0,0.6830188679245283,0.48139238715154953,0.3108108108108108,0.6963350785340314,0.2967741935483871,0.5886792452830188,0.9752851711026617,0.0,1.0,0.0,0.9924528301886792,0.6553724053724054,0.0,1.0,0.0,0.9509433962264151,0.5227272727272727,0.0,1.0,0.0,0.9962264150943396,0.6432322290201268,0.05650566080673607,2.038320014161884
