epoch,train_loss,class_0_auroc,class_0_sensitivity,class_0_specificity,class_0_f1,class_0_accuracy,class_1_auroc,class_1_sensitivity,class_1_specificity,class_1_f1,class_1_accuracy,class_2_auroc,class_2_sensitivity,class_2_specificity,class_2_f1,class_2_accuracy,class_3_auroc,class_3_sensitivity,class_3_specificity,class_3_f1,class_3_accuracy,class_4_auroc,class_4_sensitivity,class_4_specificity,class_4_f1,class_4_accuracy,class_5_auroc,class_5_sensitivity,class_5_specificity,class_5_f1,class_5_accuracy,class_6_auroc,class_6_sensitivity,class_6_specificity,class_6_f1,class_6_accuracy,macro_auroc,macro_f1,val_loss
0,0.8977119031962609,0.7763342915692832,0.5520110957004161,0.8823529411764706,0.6903729401561145,0.6465346534653466,0.6874031896913442,0.34930139720558884,0.8605108055009824,0.4685408299866131,0.6069306930693069,0.7593028541741078,0.5501672240802675,0.8155339805825242,0.6560319042871385,0.6584158415841584,0.7229552590266877,0.45576923076923076,0.8489795918367347,0.5703971119133574,0.6465346534653466,0.49682683982683984,0.6085714285714285,0.3409090909090909,0.42685370741482964,0.43366336633663366,0.6258791208791209,0.07,0.9648351648351648,0.10071942446043165,0.8762376237623762,0.7334000428847116,0.6417112299465241,0.7229647630619684,0.4485981308411215,0.7079207920792079,0.6860145140074422,0.4802162927228009,1.3357018916913779
1,0.6471007687627319,0.7867341111201762,0.6560332871012483,0.7923875432525952,0.7543859649122807,0.695049504950495,0.7017360171601787,0.7485029940119761,0.5206286836935167,0.6696428571428571,0.6336633663366337,0.7771373835113811,0.7290969899665551,0.6577669902912622,0.7421276595744681,0.7,0.6907927786499215,0.7096153846153846,0.6061224489795919,0.6820702402957486,0.6594059405940594,0.45897835497835493,0.26571428571428574,0.6954545454545454,0.2888198757763975,0.5465346534653466,0.6694945054945054,0.19,0.9153846153846154,0.19387755102040816,0.8435643564356435,0.7887538092669962,0.5668449197860963,0.8383961117861483,0.49765258215962443,0.7881188118811882,0.6962324228830735,0.546939532983112,1.1859108645136993
