epoch,train_loss,class_0_auroc,class_0_sensitivity,class_0_specificity,class_0_f1,class_0_accuracy,class_1_auroc,class_1_sensitivity,class_1_specificity,class_1_f1,class_1_accuracy,class_2_auroc,class_2_sensitivity,class_2_specificity,class_2_f1,class_2_accuracy,class_3_auroc,class_3_sensitivity,class_3_specificity,class_3_f1,class_3_accuracy,class_4_auroc,class_4_sensitivity,class_4_specificity,class_4_f1,class_4_accuracy,class_5_auroc,class_5_sensitivity,class_5_specificity,class_5_f1,class_5_accuracy,class_6_auroc,class_6_sensitivity,class_6_specificity,class_6_f1,class_6_accuracy,macro_auroc,macro_f1,val_loss
0,1.1449453999677042,0.7047885469804179,0.6779661016949152,0.587378640776699,0.43478260869565216,0.6075471698113207,0.7163029525032092,0.10526315789473684,0.9390243902439024,0.1111111111111111,0.879245283018868,0.6408182057353328,0.047619047619047616,0.9558011049723757,0.08333333333333333,0.6679245283018868,0.6099624060150375,0.125,0.8851674641148325,0.16091954022988506,0.7245283018867924,0.88212927756654,0.0,1.0,0.0,0.9924528301886792,0.6828919112383679,0.0,1.0,0.0,0.9584905660377359,0.9242424242424242,0.0,0.9962121212121212,0.0,0.9924528301886792,0.7373051034687613,0.11287808476714024,1.4741492226438702
